traits,Va_mat,Va_sd_mat,Va_pat,Va_sd_pat,Vp,Vp_sd,h2
corolla_diam_mm,0.5834093279832958,0.7638123643823107,0.5449161457034206,0.7381843575309766,8.072634686802834,2.8412382312651703,0.06750164807956083
skel_biomass_mg,0.2014468119495057,0.4488282655420731,0.05961353081114204,0.2441588229229942,1.1436411452937736,1.0694115883483652,0.052126080857145776
delta_C_13,5.07639091574452e-8,2.2530847555616987e-4,0.03754802209526039,0.19377312015669354,0.565979259234939,0.7523159304673396,0.06634169270799045
estimated_fecundity,0.27308074698023305,0.522571284113692,0.06308398099050551,0.251165246382746,6.164687780846953,2.4828789299615384,0.01023311856709125
LMA,9.349105086817105e-6,0.0030576306328294633,0,0,1.7274486697128145e-4,0.013143244157029171,0
mean_seed_mass,0.012855771029456843,0.1133832925499028,0.0010272539597966323,0.032050802794885376,0.14280997525615605,0.37790207098685774,0.00719315270487277
SLA,0.7676168599530474,0.8761374663561919,2.2557281902250258e-7,4.749450694790952e-4,23.250336380396803,4.821860261392568,9.701916365076385e-9
